"PSPath","PSParentPath","PSChildName","PSDrive","PSProvider","ReadCount","Length"
"C:\Users\zzyxa\OneDrive\Desktop\Digital Forensics Autopsy\df-mod3-sdm\logs.txt","C:\Users\zzyxa\OneDrive\Desktop\Digital Forensics Autopsy\df-mod3-sdm","logs.txt","C","Microsoft.PowerShell.Core\FileSystem","1","0"
"C:\Users\zzyxa\OneDrive\Desktop\Digital Forensics Autopsy\df-mod3-sdm\logs.txt","C:\Users\zzyxa\OneDrive\Desktop\Digital Forensics Autopsy\df-mod3-sdm","logs.txt","C","Microsoft.PowerShell.Core\FileSystem","2","36"
"C:\Users\zzyxa\OneDrive\Desktop\Digital Forensics Autopsy\df-mod3-sdm\logs.txt","C:\Users\zzyxa\OneDrive\Desktop\Digital Forensics Autopsy\df-mod3-sdm","logs.txt","C","Microsoft.PowerShell.Core\FileSystem","3","0"
"C:\Users\zzyxa\OneDrive\Desktop\Digital Forensics Autopsy\df-mod3-sdm\logs.txt","C:\Users\zzyxa\OneDrive\Desktop\Digital Forensics Autopsy\df-mod3-sdm","logs.txt","C","Microsoft.PowerShell.Core\FileSystem","4","59"
"C:\Users\zzyxa\OneDrive\Desktop\Digital Forensics Autopsy\df-mod3-sdm\logs.txt","C:\Users\zzyxa\OneDrive\Desktop\Digital Forensics Autopsy\df-mod3-sdm","logs.txt","C","Microsoft.PowerShell.Core\FileSystem","5","59"
"C:\Users\zzyxa\OneDrive\Desktop\Digital Forensics Autopsy\df-mod3-sdm\logs.txt","C:\Users\zzyxa\OneDrive\Desktop\Digital Forensics Autopsy\df-mod3-sdm","logs.txt","C","Microsoft.PowerShell.Core\FileSystem","6","102"
"C:\Users\zzyxa\OneDrive\Desktop\Digital Forensics Autopsy\df-mod3-sdm\logs.txt","C:\Users\zzyxa\OneDrive\Desktop\Digital Forensics Autopsy\df-mod3-sdm","logs.txt","C","Microsoft.PowerShell.Core\FileSystem","7","68"
"C:\Users\zzyxa\OneDrive\Desktop\Digital Forensics Autopsy\df-mod3-sdm\logs.txt","C:\Users\zzyxa\OneDrive\Desktop\Digital Forensics Autopsy\df-mod3-sdm","logs.txt","C","Microsoft.PowerShell.Core\FileSystem","8","102"
"C:\Users\zzyxa\OneDrive\Desktop\Digital Forensics Autopsy\df-mod3-sdm\logs.txt","C:\Users\zzyxa\OneDrive\Desktop\Digital Forensics Autopsy\df-mod3-sdm","logs.txt","C","Microsoft.PowerShell.Core\FileSystem","9","102"
"C:\Users\zzyxa\OneDrive\Desktop\Digital Forensics Autopsy\df-mod3-sdm\logs.txt","C:\Users\zzyxa\OneDrive\Desktop\Digital Forensics Autopsy\df-mod3-sdm","logs.txt","C","Microsoft.PowerShell.Core\FileSystem","10","68"
"C:\Users\zzyxa\OneDrive\Desktop\Digital Forensics Autopsy\df-mod3-sdm\logs.txt","C:\Users\zzyxa\OneDrive\Desktop\Digital Forensics Autopsy\df-mod3-sdm","logs.txt","C","Microsoft.PowerShell.Core\FileSystem","11","102"
"C:\Users\zzyxa\OneDrive\Desktop\Digital Forensics Autopsy\df-mod3-sdm\logs.txt","C:\Users\zzyxa\OneDrive\Desktop\Digital Forensics Autopsy\df-mod3-sdm","logs.txt","C","Microsoft.PowerShell.Core\FileSystem","12","68"
"C:\Users\zzyxa\OneDrive\Desktop\Digital Forensics Autopsy\df-mod3-sdm\logs.txt","C:\Users\zzyxa\OneDrive\Desktop\Digital Forensics Autopsy\df-mod3-sdm","logs.txt","C","Microsoft.PowerShell.Core\FileSystem","13","102"
"C:\Users\zzyxa\OneDrive\Desktop\Digital Forensics Autopsy\df-mod3-sdm\logs.txt","C:\Users\zzyxa\OneDrive\Desktop\Digital Forensics Autopsy\df-mod3-sdm","logs.txt","C","Microsoft.PowerShell.Core\FileSystem","14","68"
"C:\Users\zzyxa\OneDrive\Desktop\Digital Forensics Autopsy\df-mod3-sdm\logs.txt","C:\Users\zzyxa\OneDrive\Desktop\Digital Forensics Autopsy\df-mod3-sdm","logs.txt","C","Microsoft.PowerShell.Core\FileSystem","15","102"
"C:\Users\zzyxa\OneDrive\Desktop\Digital Forensics Autopsy\df-mod3-sdm\logs.txt","C:\Users\zzyxa\OneDrive\Desktop\Digital Forensics Autopsy\df-mod3-sdm","logs.txt","C","Microsoft.PowerShell.Core\FileSystem","16","68"
"C:\Users\zzyxa\OneDrive\Desktop\Digital Forensics Autopsy\df-mod3-sdm\logs.txt","C:\Users\zzyxa\OneDrive\Desktop\Digital Forensics Autopsy\df-mod3-sdm","logs.txt","C","Microsoft.PowerShell.Core\FileSystem","17","184"
"C:\Users\zzyxa\OneDrive\Desktop\Digital Forensics Autopsy\df-mod3-sdm\logs.txt","C:\Users\zzyxa\OneDrive\Desktop\Digital Forensics Autopsy\df-mod3-sdm","logs.txt","C","Microsoft.PowerShell.Core\FileSystem","18","68"
"C:\Users\zzyxa\OneDrive\Desktop\Digital Forensics Autopsy\df-mod3-sdm\logs.txt","C:\Users\zzyxa\OneDrive\Desktop\Digital Forensics Autopsy\df-mod3-sdm","logs.txt","C","Microsoft.PowerShell.Core\FileSystem","19","102"
"C:\Users\zzyxa\OneDrive\Desktop\Digital Forensics Autopsy\df-mod3-sdm\logs.txt","C:\Users\zzyxa\OneDrive\Desktop\Digital Forensics Autopsy\df-mod3-sdm","logs.txt","C","Microsoft.PowerShell.Core\FileSystem","20","68"
"C:\Users\zzyxa\OneDrive\Desktop\Digital Forensics Autopsy\df-mod3-sdm\logs.txt","C:\Users\zzyxa\OneDrive\Desktop\Digital Forensics Autopsy\df-mod3-sdm","logs.txt","C","Microsoft.PowerShell.Core\FileSystem","21","102"
"C:\Users\zzyxa\OneDrive\Desktop\Digital Forensics Autopsy\df-mod3-sdm\logs.txt","C:\Users\zzyxa\OneDrive\Desktop\Digital Forensics Autopsy\df-mod3-sdm","logs.txt","C","Microsoft.PowerShell.Core\FileSystem","22","102"
"C:\Users\zzyxa\OneDrive\Desktop\Digital Forensics Autopsy\df-mod3-sdm\logs.txt","C:\Users\zzyxa\OneDrive\Desktop\Digital Forensics Autopsy\df-mod3-sdm","logs.txt","C","Microsoft.PowerShell.Core\FileSystem","23","102"
"C:\Users\zzyxa\OneDrive\Desktop\Digital Forensics Autopsy\df-mod3-sdm\logs.txt","C:\Users\zzyxa\OneDrive\Desktop\Digital Forensics Autopsy\df-mod3-sdm","logs.txt","C","Microsoft.PowerShell.Core\FileSystem","24","68"
"C:\Users\zzyxa\OneDrive\Desktop\Digital Forensics Autopsy\df-mod3-sdm\logs.txt","C:\Users\zzyxa\OneDrive\Desktop\Digital Forensics Autopsy\df-mod3-sdm","logs.txt","C","Microsoft.PowerShell.Core\FileSystem","25","68"
"C:\Users\zzyxa\OneDrive\Desktop\Digital Forensics Autopsy\df-mod3-sdm\logs.txt","C:\Users\zzyxa\OneDrive\Desktop\Digital Forensics Autopsy\df-mod3-sdm","logs.txt","C","Microsoft.PowerShell.Core\FileSystem","26","102"
"C:\Users\zzyxa\OneDrive\Desktop\Digital Forensics Autopsy\df-mod3-sdm\logs.txt","C:\Users\zzyxa\OneDrive\Desktop\Digital Forensics Autopsy\df-mod3-sdm","logs.txt","C","Microsoft.PowerShell.Core\FileSystem","27","68"
"C:\Users\zzyxa\OneDrive\Desktop\Digital Forensics Autopsy\df-mod3-sdm\logs.txt","C:\Users\zzyxa\OneDrive\Desktop\Digital Forensics Autopsy\df-mod3-sdm","logs.txt","C","Microsoft.PowerShell.Core\FileSystem","28","102"
"C:\Users\zzyxa\OneDrive\Desktop\Digital Forensics Autopsy\df-mod3-sdm\logs.txt","C:\Users\zzyxa\OneDrive\Desktop\Digital Forensics Autopsy\df-mod3-sdm","logs.txt","C","Microsoft.PowerShell.Core\FileSystem","29","68"
"C:\Users\zzyxa\OneDrive\Desktop\Digital Forensics Autopsy\df-mod3-sdm\logs.txt","C:\Users\zzyxa\OneDrive\Desktop\Digital Forensics Autopsy\df-mod3-sdm","logs.txt","C","Microsoft.PowerShell.Core\FileSystem","30","102"
"C:\Users\zzyxa\OneDrive\Desktop\Digital Forensics Autopsy\df-mod3-sdm\logs.txt","C:\Users\zzyxa\OneDrive\Desktop\Digital Forensics Autopsy\df-mod3-sdm","logs.txt","C","Microsoft.PowerShell.Core\FileSystem","31","102"
"C:\Users\zzyxa\OneDrive\Desktop\Digital Forensics Autopsy\df-mod3-sdm\logs.txt","C:\Users\zzyxa\OneDrive\Desktop\Digital Forensics Autopsy\df-mod3-sdm","logs.txt","C","Microsoft.PowerShell.Core\FileSystem","32","68"
"C:\Users\zzyxa\OneDrive\Desktop\Digital Forensics Autopsy\df-mod3-sdm\logs.txt","C:\Users\zzyxa\OneDrive\Desktop\Digital Forensics Autopsy\df-mod3-sdm","logs.txt","C","Microsoft.PowerShell.Core\FileSystem","33","102"
"C:\Users\zzyxa\OneDrive\Desktop\Digital Forensics Autopsy\df-mod3-sdm\logs.txt","C:\Users\zzyxa\OneDrive\Desktop\Digital Forensics Autopsy\df-mod3-sdm","logs.txt","C","Microsoft.PowerShell.Core\FileSystem","34","68"
"C:\Users\zzyxa\OneDrive\Desktop\Digital Forensics Autopsy\df-mod3-sdm\logs.txt","C:\Users\zzyxa\OneDrive\Desktop\Digital Forensics Autopsy\df-mod3-sdm","logs.txt","C","Microsoft.PowerShell.Core\FileSystem","35","184"
"C:\Users\zzyxa\OneDrive\Desktop\Digital Forensics Autopsy\df-mod3-sdm\logs.txt","C:\Users\zzyxa\OneDrive\Desktop\Digital Forensics Autopsy\df-mod3-sdm","logs.txt","C","Microsoft.PowerShell.Core\FileSystem","36","68"
"C:\Users\zzyxa\OneDrive\Desktop\Digital Forensics Autopsy\df-mod3-sdm\logs.txt","C:\Users\zzyxa\OneDrive\Desktop\Digital Forensics Autopsy\df-mod3-sdm","logs.txt","C","Microsoft.PowerShell.Core\FileSystem","37","102"
"C:\Users\zzyxa\OneDrive\Desktop\Digital Forensics Autopsy\df-mod3-sdm\logs.txt","C:\Users\zzyxa\OneDrive\Desktop\Digital Forensics Autopsy\df-mod3-sdm","logs.txt","C","Microsoft.PowerShell.Core\FileSystem","38","68"
"C:\Users\zzyxa\OneDrive\Desktop\Digital Forensics Autopsy\df-mod3-sdm\logs.txt","C:\Users\zzyxa\OneDrive\Desktop\Digital Forensics Autopsy\df-mod3-sdm","logs.txt","C","Microsoft.PowerShell.Core\FileSystem","39","102"
"C:\Users\zzyxa\OneDrive\Desktop\Digital Forensics Autopsy\df-mod3-sdm\logs.txt","C:\Users\zzyxa\OneDrive\Desktop\Digital Forensics Autopsy\df-mod3-sdm","logs.txt","C","Microsoft.PowerShell.Core\FileSystem","40","68"
"C:\Users\zzyxa\OneDrive\Desktop\Digital Forensics Autopsy\df-mod3-sdm\logs.txt","C:\Users\zzyxa\OneDrive\Desktop\Digital Forensics Autopsy\df-mod3-sdm","logs.txt","C","Microsoft.PowerShell.Core\FileSystem","41","102"
"C:\Users\zzyxa\OneDrive\Desktop\Digital Forensics Autopsy\df-mod3-sdm\logs.txt","C:\Users\zzyxa\OneDrive\Desktop\Digital Forensics Autopsy\df-mod3-sdm","logs.txt","C","Microsoft.PowerShell.Core\FileSystem","42","68"
"C:\Users\zzyxa\OneDrive\Desktop\Digital Forensics Autopsy\df-mod3-sdm\logs.txt","C:\Users\zzyxa\OneDrive\Desktop\Digital Forensics Autopsy\df-mod3-sdm","logs.txt","C","Microsoft.PowerShell.Core\FileSystem","43","102"
"C:\Users\zzyxa\OneDrive\Desktop\Digital Forensics Autopsy\df-mod3-sdm\logs.txt","C:\Users\zzyxa\OneDrive\Desktop\Digital Forensics Autopsy\df-mod3-sdm","logs.txt","C","Microsoft.PowerShell.Core\FileSystem","44","68"
"C:\Users\zzyxa\OneDrive\Desktop\Digital Forensics Autopsy\df-mod3-sdm\logs.txt","C:\Users\zzyxa\OneDrive\Desktop\Digital Forensics Autopsy\df-mod3-sdm","logs.txt","C","Microsoft.PowerShell.Core\FileSystem","45","102"
"C:\Users\zzyxa\OneDrive\Desktop\Digital Forensics Autopsy\df-mod3-sdm\logs.txt","C:\Users\zzyxa\OneDrive\Desktop\Digital Forensics Autopsy\df-mod3-sdm","logs.txt","C","Microsoft.PowerShell.Core\FileSystem","46","68"
"C:\Users\zzyxa\OneDrive\Desktop\Digital Forensics Autopsy\df-mod3-sdm\logs.txt","C:\Users\zzyxa\OneDrive\Desktop\Digital Forensics Autopsy\df-mod3-sdm","logs.txt","C","Microsoft.PowerShell.Core\FileSystem","47","184"
"C:\Users\zzyxa\OneDrive\Desktop\Digital Forensics Autopsy\df-mod3-sdm\logs.txt","C:\Users\zzyxa\OneDrive\Desktop\Digital Forensics Autopsy\df-mod3-sdm","logs.txt","C","Microsoft.PowerShell.Core\FileSystem","48","68"
"C:\Users\zzyxa\OneDrive\Desktop\Digital Forensics Autopsy\df-mod3-sdm\logs.txt","C:\Users\zzyxa\OneDrive\Desktop\Digital Forensics Autopsy\df-mod3-sdm","logs.txt","C","Microsoft.PowerShell.Core\FileSystem","49","184"
"C:\Users\zzyxa\OneDrive\Desktop\Digital Forensics Autopsy\df-mod3-sdm\logs.txt","C:\Users\zzyxa\OneDrive\Desktop\Digital Forensics Autopsy\df-mod3-sdm","logs.txt","C","Microsoft.PowerShell.Core\FileSystem","50","68"
"C:\Users\zzyxa\OneDrive\Desktop\Digital Forensics Autopsy\df-mod3-sdm\logs.txt","C:\Users\zzyxa\OneDrive\Desktop\Digital Forensics Autopsy\df-mod3-sdm","logs.txt","C","Microsoft.PowerShell.Core\FileSystem","51","102"
"C:\Users\zzyxa\OneDrive\Desktop\Digital Forensics Autopsy\df-mod3-sdm\logs.txt","C:\Users\zzyxa\OneDrive\Desktop\Digital Forensics Autopsy\df-mod3-sdm","logs.txt","C","Microsoft.PowerShell.Core\FileSystem","52","68"
"C:\Users\zzyxa\OneDrive\Desktop\Digital Forensics Autopsy\df-mod3-sdm\logs.txt","C:\Users\zzyxa\OneDrive\Desktop\Digital Forensics Autopsy\df-mod3-sdm","logs.txt","C","Microsoft.PowerShell.Core\FileSystem","53","102"
"C:\Users\zzyxa\OneDrive\Desktop\Digital Forensics Autopsy\df-mod3-sdm\logs.txt","C:\Users\zzyxa\OneDrive\Desktop\Digital Forensics Autopsy\df-mod3-sdm","logs.txt","C","Microsoft.PowerShell.Core\FileSystem","54","68"
"C:\Users\zzyxa\OneDrive\Desktop\Digital Forensics Autopsy\df-mod3-sdm\logs.txt","C:\Users\zzyxa\OneDrive\Desktop\Digital Forensics Autopsy\df-mod3-sdm","logs.txt","C","Microsoft.PowerShell.Core\FileSystem","55","68"
"C:\Users\zzyxa\OneDrive\Desktop\Digital Forensics Autopsy\df-mod3-sdm\logs.txt","C:\Users\zzyxa\OneDrive\Desktop\Digital Forensics Autopsy\df-mod3-sdm","logs.txt","C","Microsoft.PowerShell.Core\FileSystem","56","102"
"C:\Users\zzyxa\OneDrive\Desktop\Digital Forensics Autopsy\df-mod3-sdm\logs.txt","C:\Users\zzyxa\OneDrive\Desktop\Digital Forensics Autopsy\df-mod3-sdm","logs.txt","C","Microsoft.PowerShell.Core\FileSystem","57","68"
"C:\Users\zzyxa\OneDrive\Desktop\Digital Forensics Autopsy\df-mod3-sdm\logs.txt","C:\Users\zzyxa\OneDrive\Desktop\Digital Forensics Autopsy\df-mod3-sdm","logs.txt","C","Microsoft.PowerShell.Core\FileSystem","58","102"
"C:\Users\zzyxa\OneDrive\Desktop\Digital Forensics Autopsy\df-mod3-sdm\logs.txt","C:\Users\zzyxa\OneDrive\Desktop\Digital Forensics Autopsy\df-mod3-sdm","logs.txt","C","Microsoft.PowerShell.Core\FileSystem","59","68"
"C:\Users\zzyxa\OneDrive\Desktop\Digital Forensics Autopsy\df-mod3-sdm\logs.txt","C:\Users\zzyxa\OneDrive\Desktop\Digital Forensics Autopsy\df-mod3-sdm","logs.txt","C","Microsoft.PowerShell.Core\FileSystem","60","184"
"C:\Users\zzyxa\OneDrive\Desktop\Digital Forensics Autopsy\df-mod3-sdm\logs.txt","C:\Users\zzyxa\OneDrive\Desktop\Digital Forensics Autopsy\df-mod3-sdm","logs.txt","C","Microsoft.PowerShell.Core\FileSystem","61","68"
"C:\Users\zzyxa\OneDrive\Desktop\Digital Forensics Autopsy\df-mod3-sdm\logs.txt","C:\Users\zzyxa\OneDrive\Desktop\Digital Forensics Autopsy\df-mod3-sdm","logs.txt","C","Microsoft.PowerShell.Core\FileSystem","62","102"
"C:\Users\zzyxa\OneDrive\Desktop\Digital Forensics Autopsy\df-mod3-sdm\logs.txt","C:\Users\zzyxa\OneDrive\Desktop\Digital Forensics Autopsy\df-mod3-sdm","logs.txt","C","Microsoft.PowerShell.Core\FileSystem","63","68"
"C:\Users\zzyxa\OneDrive\Desktop\Digital Forensics Autopsy\df-mod3-sdm\logs.txt","C:\Users\zzyxa\OneDrive\Desktop\Digital Forensics Autopsy\df-mod3-sdm","logs.txt","C","Microsoft.PowerShell.Core\FileSystem","64","102"
"C:\Users\zzyxa\OneDrive\Desktop\Digital Forensics Autopsy\df-mod3-sdm\logs.txt","C:\Users\zzyxa\OneDrive\Desktop\Digital Forensics Autopsy\df-mod3-sdm","logs.txt","C","Microsoft.PowerShell.Core\FileSystem","65","68"
"C:\Users\zzyxa\OneDrive\Desktop\Digital Forensics Autopsy\df-mod3-sdm\logs.txt","C:\Users\zzyxa\OneDrive\Desktop\Digital Forensics Autopsy\df-mod3-sdm","logs.txt","C","Microsoft.PowerShell.Core\FileSystem","66","102"
"C:\Users\zzyxa\OneDrive\Desktop\Digital Forensics Autopsy\df-mod3-sdm\logs.txt","C:\Users\zzyxa\OneDrive\Desktop\Digital Forensics Autopsy\df-mod3-sdm","logs.txt","C","Microsoft.PowerShell.Core\FileSystem","67","68"
"C:\Users\zzyxa\OneDrive\Desktop\Digital Forensics Autopsy\df-mod3-sdm\logs.txt","C:\Users\zzyxa\OneDrive\Desktop\Digital Forensics Autopsy\df-mod3-sdm","logs.txt","C","Microsoft.PowerShell.Core\FileSystem","68","102"
"C:\Users\zzyxa\OneDrive\Desktop\Digital Forensics Autopsy\df-mod3-sdm\logs.txt","C:\Users\zzyxa\OneDrive\Desktop\Digital Forensics Autopsy\df-mod3-sdm","logs.txt","C","Microsoft.PowerShell.Core\FileSystem","69","68"
"C:\Users\zzyxa\OneDrive\Desktop\Digital Forensics Autopsy\df-mod3-sdm\logs.txt","C:\Users\zzyxa\OneDrive\Desktop\Digital Forensics Autopsy\df-mod3-sdm","logs.txt","C","Microsoft.PowerShell.Core\FileSystem","70","102"
"C:\Users\zzyxa\OneDrive\Desktop\Digital Forensics Autopsy\df-mod3-sdm\logs.txt","C:\Users\zzyxa\OneDrive\Desktop\Digital Forensics Autopsy\df-mod3-sdm","logs.txt","C","Microsoft.PowerShell.Core\FileSystem","71","68"
"C:\Users\zzyxa\OneDrive\Desktop\Digital Forensics Autopsy\df-mod3-sdm\logs.txt","C:\Users\zzyxa\OneDrive\Desktop\Digital Forensics Autopsy\df-mod3-sdm","logs.txt","C","Microsoft.PowerShell.Core\FileSystem","72","184"
"C:\Users\zzyxa\OneDrive\Desktop\Digital Forensics Autopsy\df-mod3-sdm\logs.txt","C:\Users\zzyxa\OneDrive\Desktop\Digital Forensics Autopsy\df-mod3-sdm","logs.txt","C","Microsoft.PowerShell.Core\FileSystem","73","68"
"C:\Users\zzyxa\OneDrive\Desktop\Digital Forensics Autopsy\df-mod3-sdm\logs.txt","C:\Users\zzyxa\OneDrive\Desktop\Digital Forensics Autopsy\df-mod3-sdm","logs.txt","C","Microsoft.PowerShell.Core\FileSystem","74","102"
"C:\Users\zzyxa\OneDrive\Desktop\Digital Forensics Autopsy\df-mod3-sdm\logs.txt","C:\Users\zzyxa\OneDrive\Desktop\Digital Forensics Autopsy\df-mod3-sdm","logs.txt","C","Microsoft.PowerShell.Core\FileSystem","75","68"
"C:\Users\zzyxa\OneDrive\Desktop\Digital Forensics Autopsy\df-mod3-sdm\logs.txt","C:\Users\zzyxa\OneDrive\Desktop\Digital Forensics Autopsy\df-mod3-sdm","logs.txt","C","Microsoft.PowerShell.Core\FileSystem","76","102"
"C:\Users\zzyxa\OneDrive\Desktop\Digital Forensics Autopsy\df-mod3-sdm\logs.txt","C:\Users\zzyxa\OneDrive\Desktop\Digital Forensics Autopsy\df-mod3-sdm","logs.txt","C","Microsoft.PowerShell.Core\FileSystem","77","68"
"C:\Users\zzyxa\OneDrive\Desktop\Digital Forensics Autopsy\df-mod3-sdm\logs.txt","C:\Users\zzyxa\OneDrive\Desktop\Digital Forensics Autopsy\df-mod3-sdm","logs.txt","C","Microsoft.PowerShell.Core\FileSystem","78","102"
"C:\Users\zzyxa\OneDrive\Desktop\Digital Forensics Autopsy\df-mod3-sdm\logs.txt","C:\Users\zzyxa\OneDrive\Desktop\Digital Forensics Autopsy\df-mod3-sdm","logs.txt","C","Microsoft.PowerShell.Core\FileSystem","79","68"
"C:\Users\zzyxa\OneDrive\Desktop\Digital Forensics Autopsy\df-mod3-sdm\logs.txt","C:\Users\zzyxa\OneDrive\Desktop\Digital Forensics Autopsy\df-mod3-sdm","logs.txt","C","Microsoft.PowerShell.Core\FileSystem","80","102"
"C:\Users\zzyxa\OneDrive\Desktop\Digital Forensics Autopsy\df-mod3-sdm\logs.txt","C:\Users\zzyxa\OneDrive\Desktop\Digital Forensics Autopsy\df-mod3-sdm","logs.txt","C","Microsoft.PowerShell.Core\FileSystem","81","68"
"C:\Users\zzyxa\OneDrive\Desktop\Digital Forensics Autopsy\df-mod3-sdm\logs.txt","C:\Users\zzyxa\OneDrive\Desktop\Digital Forensics Autopsy\df-mod3-sdm","logs.txt","C","Microsoft.PowerShell.Core\FileSystem","82","102"
"C:\Users\zzyxa\OneDrive\Desktop\Digital Forensics Autopsy\df-mod3-sdm\logs.txt","C:\Users\zzyxa\OneDrive\Desktop\Digital Forensics Autopsy\df-mod3-sdm","logs.txt","C","Microsoft.PowerShell.Core\FileSystem","83","68"
"C:\Users\zzyxa\OneDrive\Desktop\Digital Forensics Autopsy\df-mod3-sdm\logs.txt","C:\Users\zzyxa\OneDrive\Desktop\Digital Forensics Autopsy\df-mod3-sdm","logs.txt","C","Microsoft.PowerShell.Core\FileSystem","84","184"
"C:\Users\zzyxa\OneDrive\Desktop\Digital Forensics Autopsy\df-mod3-sdm\logs.txt","C:\Users\zzyxa\OneDrive\Desktop\Digital Forensics Autopsy\df-mod3-sdm","logs.txt","C","Microsoft.PowerShell.Core\FileSystem","85","68"
"C:\Users\zzyxa\OneDrive\Desktop\Digital Forensics Autopsy\df-mod3-sdm\logs.txt","C:\Users\zzyxa\OneDrive\Desktop\Digital Forensics Autopsy\df-mod3-sdm","logs.txt","C","Microsoft.PowerShell.Core\FileSystem","86","102"
"C:\Users\zzyxa\OneDrive\Desktop\Digital Forensics Autopsy\df-mod3-sdm\logs.txt","C:\Users\zzyxa\OneDrive\Desktop\Digital Forensics Autopsy\df-mod3-sdm","logs.txt","C","Microsoft.PowerShell.Core\FileSystem","87","68"
"C:\Users\zzyxa\OneDrive\Desktop\Digital Forensics Autopsy\df-mod3-sdm\logs.txt","C:\Users\zzyxa\OneDrive\Desktop\Digital Forensics Autopsy\df-mod3-sdm","logs.txt","C","Microsoft.PowerShell.Core\FileSystem","88","102"
"C:\Users\zzyxa\OneDrive\Desktop\Digital Forensics Autopsy\df-mod3-sdm\logs.txt","C:\Users\zzyxa\OneDrive\Desktop\Digital Forensics Autopsy\df-mod3-sdm","logs.txt","C","Microsoft.PowerShell.Core\FileSystem","89","68"
"C:\Users\zzyxa\OneDrive\Desktop\Digital Forensics Autopsy\df-mod3-sdm\logs.txt","C:\Users\zzyxa\OneDrive\Desktop\Digital Forensics Autopsy\df-mod3-sdm","logs.txt","C","Microsoft.PowerShell.Core\FileSystem","90","102"
"C:\Users\zzyxa\OneDrive\Desktop\Digital Forensics Autopsy\df-mod3-sdm\logs.txt","C:\Users\zzyxa\OneDrive\Desktop\Digital Forensics Autopsy\df-mod3-sdm","logs.txt","C","Microsoft.PowerShell.Core\FileSystem","91","68"
"C:\Users\zzyxa\OneDrive\Desktop\Digital Forensics Autopsy\df-mod3-sdm\logs.txt","C:\Users\zzyxa\OneDrive\Desktop\Digital Forensics Autopsy\df-mod3-sdm","logs.txt","C","Microsoft.PowerShell.Core\FileSystem","92","102"
"C:\Users\zzyxa\OneDrive\Desktop\Digital Forensics Autopsy\df-mod3-sdm\logs.txt","C:\Users\zzyxa\OneDrive\Desktop\Digital Forensics Autopsy\df-mod3-sdm","logs.txt","C","Microsoft.PowerShell.Core\FileSystem","93","68"
"C:\Users\zzyxa\OneDrive\Desktop\Digital Forensics Autopsy\df-mod3-sdm\logs.txt","C:\Users\zzyxa\OneDrive\Desktop\Digital Forensics Autopsy\df-mod3-sdm","logs.txt","C","Microsoft.PowerShell.Core\FileSystem","94","102"
"C:\Users\zzyxa\OneDrive\Desktop\Digital Forensics Autopsy\df-mod3-sdm\logs.txt","C:\Users\zzyxa\OneDrive\Desktop\Digital Forensics Autopsy\df-mod3-sdm","logs.txt","C","Microsoft.PowerShell.Core\FileSystem","95","68"
"C:\Users\zzyxa\OneDrive\Desktop\Digital Forensics Autopsy\df-mod3-sdm\logs.txt","C:\Users\zzyxa\OneDrive\Desktop\Digital Forensics Autopsy\df-mod3-sdm","logs.txt","C","Microsoft.PowerShell.Core\FileSystem","96","102"
"C:\Users\zzyxa\OneDrive\Desktop\Digital Forensics Autopsy\df-mod3-sdm\logs.txt","C:\Users\zzyxa\OneDrive\Desktop\Digital Forensics Autopsy\df-mod3-sdm","logs.txt","C","Microsoft.PowerShell.Core\FileSystem","97","68"
"C:\Users\zzyxa\OneDrive\Desktop\Digital Forensics Autopsy\df-mod3-sdm\logs.txt","C:\Users\zzyxa\OneDrive\Desktop\Digital Forensics Autopsy\df-mod3-sdm","logs.txt","C","Microsoft.PowerShell.Core\FileSystem","98","102"
"C:\Users\zzyxa\OneDrive\Desktop\Digital Forensics Autopsy\df-mod3-sdm\logs.txt","C:\Users\zzyxa\OneDrive\Desktop\Digital Forensics Autopsy\df-mod3-sdm","logs.txt","C","Microsoft.PowerShell.Core\FileSystem","99","68"
"C:\Users\zzyxa\OneDrive\Desktop\Digital Forensics Autopsy\df-mod3-sdm\logs.txt","C:\Users\zzyxa\OneDrive\Desktop\Digital Forensics Autopsy\df-mod3-sdm","logs.txt","C","Microsoft.PowerShell.Core\FileSystem","100","184"
"C:\Users\zzyxa\OneDrive\Desktop\Digital Forensics Autopsy\df-mod3-sdm\logs.txt","C:\Users\zzyxa\OneDrive\Desktop\Digital Forensics Autopsy\df-mod3-sdm","logs.txt","C","Microsoft.PowerShell.Core\FileSystem","101","68"
"C:\Users\zzyxa\OneDrive\Desktop\Digital Forensics Autopsy\df-mod3-sdm\logs.txt","C:\Users\zzyxa\OneDrive\Desktop\Digital Forensics Autopsy\df-mod3-sdm","logs.txt","C","Microsoft.PowerShell.Core\FileSystem","102","102"
"C:\Users\zzyxa\OneDrive\Desktop\Digital Forensics Autopsy\df-mod3-sdm\logs.txt","C:\Users\zzyxa\OneDrive\Desktop\Digital Forensics Autopsy\df-mod3-sdm","logs.txt","C","Microsoft.PowerShell.Core\FileSystem","103","68"
"C:\Users\zzyxa\OneDrive\Desktop\Digital Forensics Autopsy\df-mod3-sdm\logs.txt","C:\Users\zzyxa\OneDrive\Desktop\Digital Forensics Autopsy\df-mod3-sdm","logs.txt","C","Microsoft.PowerShell.Core\FileSystem","104","102"
"C:\Users\zzyxa\OneDrive\Desktop\Digital Forensics Autopsy\df-mod3-sdm\logs.txt","C:\Users\zzyxa\OneDrive\Desktop\Digital Forensics Autopsy\df-mod3-sdm","logs.txt","C","Microsoft.PowerShell.Core\FileSystem","105","68"
"C:\Users\zzyxa\OneDrive\Desktop\Digital Forensics Autopsy\df-mod3-sdm\logs.txt","C:\Users\zzyxa\OneDrive\Desktop\Digital Forensics Autopsy\df-mod3-sdm","logs.txt","C","Microsoft.PowerShell.Core\FileSystem","106","102"
"C:\Users\zzyxa\OneDrive\Desktop\Digital Forensics Autopsy\df-mod3-sdm\logs.txt","C:\Users\zzyxa\OneDrive\Desktop\Digital Forensics Autopsy\df-mod3-sdm","logs.txt","C","Microsoft.PowerShell.Core\FileSystem","107","68"
"C:\Users\zzyxa\OneDrive\Desktop\Digital Forensics Autopsy\df-mod3-sdm\logs.txt","C:\Users\zzyxa\OneDrive\Desktop\Digital Forensics Autopsy\df-mod3-sdm","logs.txt","C","Microsoft.PowerShell.Core\FileSystem","108","102"
"C:\Users\zzyxa\OneDrive\Desktop\Digital Forensics Autopsy\df-mod3-sdm\logs.txt","C:\Users\zzyxa\OneDrive\Desktop\Digital Forensics Autopsy\df-mod3-sdm","logs.txt","C","Microsoft.PowerShell.Core\FileSystem","109","68"
"C:\Users\zzyxa\OneDrive\Desktop\Digital Forensics Autopsy\df-mod3-sdm\logs.txt","C:\Users\zzyxa\OneDrive\Desktop\Digital Forensics Autopsy\df-mod3-sdm","logs.txt","C","Microsoft.PowerShell.Core\FileSystem","110","102"
"C:\Users\zzyxa\OneDrive\Desktop\Digital Forensics Autopsy\df-mod3-sdm\logs.txt","C:\Users\zzyxa\OneDrive\Desktop\Digital Forensics Autopsy\df-mod3-sdm","logs.txt","C","Microsoft.PowerShell.Core\FileSystem","111","68"
"C:\Users\zzyxa\OneDrive\Desktop\Digital Forensics Autopsy\df-mod3-sdm\logs.txt","C:\Users\zzyxa\OneDrive\Desktop\Digital Forensics Autopsy\df-mod3-sdm","logs.txt","C","Microsoft.PowerShell.Core\FileSystem","112","102"
"C:\Users\zzyxa\OneDrive\Desktop\Digital Forensics Autopsy\df-mod3-sdm\logs.txt","C:\Users\zzyxa\OneDrive\Desktop\Digital Forensics Autopsy\df-mod3-sdm","logs.txt","C","Microsoft.PowerShell.Core\FileSystem","113","68"
"C:\Users\zzyxa\OneDrive\Desktop\Digital Forensics Autopsy\df-mod3-sdm\logs.txt","C:\Users\zzyxa\OneDrive\Desktop\Digital Forensics Autopsy\df-mod3-sdm","logs.txt","C","Microsoft.PowerShell.Core\FileSystem","114","102"
"C:\Users\zzyxa\OneDrive\Desktop\Digital Forensics Autopsy\df-mod3-sdm\logs.txt","C:\Users\zzyxa\OneDrive\Desktop\Digital Forensics Autopsy\df-mod3-sdm","logs.txt","C","Microsoft.PowerShell.Core\FileSystem","115","68"
"C:\Users\zzyxa\OneDrive\Desktop\Digital Forensics Autopsy\df-mod3-sdm\logs.txt","C:\Users\zzyxa\OneDrive\Desktop\Digital Forensics Autopsy\df-mod3-sdm","logs.txt","C","Microsoft.PowerShell.Core\FileSystem","116","184"
"C:\Users\zzyxa\OneDrive\Desktop\Digital Forensics Autopsy\df-mod3-sdm\logs.txt","C:\Users\zzyxa\OneDrive\Desktop\Digital Forensics Autopsy\df-mod3-sdm","logs.txt","C","Microsoft.PowerShell.Core\FileSystem","117","102"
"C:\Users\zzyxa\OneDrive\Desktop\Digital Forensics Autopsy\df-mod3-sdm\logs.txt","C:\Users\zzyxa\OneDrive\Desktop\Digital Forensics Autopsy\df-mod3-sdm","logs.txt","C","Microsoft.PowerShell.Core\FileSystem","118","68"
"C:\Users\zzyxa\OneDrive\Desktop\Digital Forensics Autopsy\df-mod3-sdm\logs.txt","C:\Users\zzyxa\OneDrive\Desktop\Digital Forensics Autopsy\df-mod3-sdm","logs.txt","C","Microsoft.PowerShell.Core\FileSystem","119","102"
"C:\Users\zzyxa\OneDrive\Desktop\Digital Forensics Autopsy\df-mod3-sdm\logs.txt","C:\Users\zzyxa\OneDrive\Desktop\Digital Forensics Autopsy\df-mod3-sdm","logs.txt","C","Microsoft.PowerShell.Core\FileSystem","120","68"
"C:\Users\zzyxa\OneDrive\Desktop\Digital Forensics Autopsy\df-mod3-sdm\logs.txt","C:\Users\zzyxa\OneDrive\Desktop\Digital Forensics Autopsy\df-mod3-sdm","logs.txt","C","Microsoft.PowerShell.Core\FileSystem","121","68"
"C:\Users\zzyxa\OneDrive\Desktop\Digital Forensics Autopsy\df-mod3-sdm\logs.txt","C:\Users\zzyxa\OneDrive\Desktop\Digital Forensics Autopsy\df-mod3-sdm","logs.txt","C","Microsoft.PowerShell.Core\FileSystem","122","102"
"C:\Users\zzyxa\OneDrive\Desktop\Digital Forensics Autopsy\df-mod3-sdm\logs.txt","C:\Users\zzyxa\OneDrive\Desktop\Digital Forensics Autopsy\df-mod3-sdm","logs.txt","C","Microsoft.PowerShell.Core\FileSystem","123","68"
"C:\Users\zzyxa\OneDrive\Desktop\Digital Forensics Autopsy\df-mod3-sdm\logs.txt","C:\Users\zzyxa\OneDrive\Desktop\Digital Forensics Autopsy\df-mod3-sdm","logs.txt","C","Microsoft.PowerShell.Core\FileSystem","124","102"
"C:\Users\zzyxa\OneDrive\Desktop\Digital Forensics Autopsy\df-mod3-sdm\logs.txt","C:\Users\zzyxa\OneDrive\Desktop\Digital Forensics Autopsy\df-mod3-sdm","logs.txt","C","Microsoft.PowerShell.Core\FileSystem","125","68"
"C:\Users\zzyxa\OneDrive\Desktop\Digital Forensics Autopsy\df-mod3-sdm\logs.txt","C:\Users\zzyxa\OneDrive\Desktop\Digital Forensics Autopsy\df-mod3-sdm","logs.txt","C","Microsoft.PowerShell.Core\FileSystem","126","102"
"C:\Users\zzyxa\OneDrive\Desktop\Digital Forensics Autopsy\df-mod3-sdm\logs.txt","C:\Users\zzyxa\OneDrive\Desktop\Digital Forensics Autopsy\df-mod3-sdm","logs.txt","C","Microsoft.PowerShell.Core\FileSystem","127","68"
"C:\Users\zzyxa\OneDrive\Desktop\Digital Forensics Autopsy\df-mod3-sdm\logs.txt","C:\Users\zzyxa\OneDrive\Desktop\Digital Forensics Autopsy\df-mod3-sdm","logs.txt","C","Microsoft.PowerShell.Core\FileSystem","128","68"
"C:\Users\zzyxa\OneDrive\Desktop\Digital Forensics Autopsy\df-mod3-sdm\logs.txt","C:\Users\zzyxa\OneDrive\Desktop\Digital Forensics Autopsy\df-mod3-sdm","logs.txt","C","Microsoft.PowerShell.Core\FileSystem","129","102"
"C:\Users\zzyxa\OneDrive\Desktop\Digital Forensics Autopsy\df-mod3-sdm\logs.txt","C:\Users\zzyxa\OneDrive\Desktop\Digital Forensics Autopsy\df-mod3-sdm","logs.txt","C","Microsoft.PowerShell.Core\FileSystem","130","68"
"C:\Users\zzyxa\OneDrive\Desktop\Digital Forensics Autopsy\df-mod3-sdm\logs.txt","C:\Users\zzyxa\OneDrive\Desktop\Digital Forensics Autopsy\df-mod3-sdm","logs.txt","C","Microsoft.PowerShell.Core\FileSystem","131","102"
"C:\Users\zzyxa\OneDrive\Desktop\Digital Forensics Autopsy\df-mod3-sdm\logs.txt","C:\Users\zzyxa\OneDrive\Desktop\Digital Forensics Autopsy\df-mod3-sdm","logs.txt","C","Microsoft.PowerShell.Core\FileSystem","132","68"
"C:\Users\zzyxa\OneDrive\Desktop\Digital Forensics Autopsy\df-mod3-sdm\logs.txt","C:\Users\zzyxa\OneDrive\Desktop\Digital Forensics Autopsy\df-mod3-sdm","logs.txt","C","Microsoft.PowerShell.Core\FileSystem","133","102"
"C:\Users\zzyxa\OneDrive\Desktop\Digital Forensics Autopsy\df-mod3-sdm\logs.txt","C:\Users\zzyxa\OneDrive\Desktop\Digital Forensics Autopsy\df-mod3-sdm","logs.txt","C","Microsoft.PowerShell.Core\FileSystem","134","68"
"C:\Users\zzyxa\OneDrive\Desktop\Digital Forensics Autopsy\df-mod3-sdm\logs.txt","C:\Users\zzyxa\OneDrive\Desktop\Digital Forensics Autopsy\df-mod3-sdm","logs.txt","C","Microsoft.PowerShell.Core\FileSystem","135","102"
"C:\Users\zzyxa\OneDrive\Desktop\Digital Forensics Autopsy\df-mod3-sdm\logs.txt","C:\Users\zzyxa\OneDrive\Desktop\Digital Forensics Autopsy\df-mod3-sdm","logs.txt","C","Microsoft.PowerShell.Core\FileSystem","136","68"
"C:\Users\zzyxa\OneDrive\Desktop\Digital Forensics Autopsy\df-mod3-sdm\logs.txt","C:\Users\zzyxa\OneDrive\Desktop\Digital Forensics Autopsy\df-mod3-sdm","logs.txt","C","Microsoft.PowerShell.Core\FileSystem","137","102"
"C:\Users\zzyxa\OneDrive\Desktop\Digital Forensics Autopsy\df-mod3-sdm\logs.txt","C:\Users\zzyxa\OneDrive\Desktop\Digital Forensics Autopsy\df-mod3-sdm","logs.txt","C","Microsoft.PowerShell.Core\FileSystem","138","68"
"C:\Users\zzyxa\OneDrive\Desktop\Digital Forensics Autopsy\df-mod3-sdm\logs.txt","C:\Users\zzyxa\OneDrive\Desktop\Digital Forensics Autopsy\df-mod3-sdm","logs.txt","C","Microsoft.PowerShell.Core\FileSystem","139","184"
"C:\Users\zzyxa\OneDrive\Desktop\Digital Forensics Autopsy\df-mod3-sdm\logs.txt","C:\Users\zzyxa\OneDrive\Desktop\Digital Forensics Autopsy\df-mod3-sdm","logs.txt","C","Microsoft.PowerShell.Core\FileSystem","140","68"
"C:\Users\zzyxa\OneDrive\Desktop\Digital Forensics Autopsy\df-mod3-sdm\logs.txt","C:\Users\zzyxa\OneDrive\Desktop\Digital Forensics Autopsy\df-mod3-sdm","logs.txt","C","Microsoft.PowerShell.Core\FileSystem","141","102"
"C:\Users\zzyxa\OneDrive\Desktop\Digital Forensics Autopsy\df-mod3-sdm\logs.txt","C:\Users\zzyxa\OneDrive\Desktop\Digital Forensics Autopsy\df-mod3-sdm","logs.txt","C","Microsoft.PowerShell.Core\FileSystem","142","68"
"C:\Users\zzyxa\OneDrive\Desktop\Digital Forensics Autopsy\df-mod3-sdm\logs.txt","C:\Users\zzyxa\OneDrive\Desktop\Digital Forensics Autopsy\df-mod3-sdm","logs.txt","C","Microsoft.PowerShell.Core\FileSystem","143","102"
"C:\Users\zzyxa\OneDrive\Desktop\Digital Forensics Autopsy\df-mod3-sdm\logs.txt","C:\Users\zzyxa\OneDrive\Desktop\Digital Forensics Autopsy\df-mod3-sdm","logs.txt","C","Microsoft.PowerShell.Core\FileSystem","144","68"
"C:\Users\zzyxa\OneDrive\Desktop\Digital Forensics Autopsy\df-mod3-sdm\logs.txt","C:\Users\zzyxa\OneDrive\Desktop\Digital Forensics Autopsy\df-mod3-sdm","logs.txt","C","Microsoft.PowerShell.Core\FileSystem","145","102"
"C:\Users\zzyxa\OneDrive\Desktop\Digital Forensics Autopsy\df-mod3-sdm\logs.txt","C:\Users\zzyxa\OneDrive\Desktop\Digital Forensics Autopsy\df-mod3-sdm","logs.txt","C","Microsoft.PowerShell.Core\FileSystem","146","68"
"C:\Users\zzyxa\OneDrive\Desktop\Digital Forensics Autopsy\df-mod3-sdm\logs.txt","C:\Users\zzyxa\OneDrive\Desktop\Digital Forensics Autopsy\df-mod3-sdm","logs.txt","C","Microsoft.PowerShell.Core\FileSystem","147","184"
"C:\Users\zzyxa\OneDrive\Desktop\Digital Forensics Autopsy\df-mod3-sdm\logs.txt","C:\Users\zzyxa\OneDrive\Desktop\Digital Forensics Autopsy\df-mod3-sdm","logs.txt","C","Microsoft.PowerShell.Core\FileSystem","148","68"
"C:\Users\zzyxa\OneDrive\Desktop\Digital Forensics Autopsy\df-mod3-sdm\logs.txt","C:\Users\zzyxa\OneDrive\Desktop\Digital Forensics Autopsy\df-mod3-sdm","logs.txt","C","Microsoft.PowerShell.Core\FileSystem","149","102"
"C:\Users\zzyxa\OneDrive\Desktop\Digital Forensics Autopsy\df-mod3-sdm\logs.txt","C:\Users\zzyxa\OneDrive\Desktop\Digital Forensics Autopsy\df-mod3-sdm","logs.txt","C","Microsoft.PowerShell.Core\FileSystem","150","102"
"C:\Users\zzyxa\OneDrive\Desktop\Digital Forensics Autopsy\df-mod3-sdm\logs.txt","C:\Users\zzyxa\OneDrive\Desktop\Digital Forensics Autopsy\df-mod3-sdm","logs.txt","C","Microsoft.PowerShell.Core\FileSystem","151","102"
"C:\Users\zzyxa\OneDrive\Desktop\Digital Forensics Autopsy\df-mod3-sdm\logs.txt","C:\Users\zzyxa\OneDrive\Desktop\Digital Forensics Autopsy\df-mod3-sdm","logs.txt","C","Microsoft.PowerShell.Core\FileSystem","152","102"
"C:\Users\zzyxa\OneDrive\Desktop\Digital Forensics Autopsy\df-mod3-sdm\logs.txt","C:\Users\zzyxa\OneDrive\Desktop\Digital Forensics Autopsy\df-mod3-sdm","logs.txt","C","Microsoft.PowerShell.Core\FileSystem","153","102"
"C:\Users\zzyxa\OneDrive\Desktop\Digital Forensics Autopsy\df-mod3-sdm\logs.txt","C:\Users\zzyxa\OneDrive\Desktop\Digital Forensics Autopsy\df-mod3-sdm","logs.txt","C","Microsoft.PowerShell.Core\FileSystem","154","102"
"C:\Users\zzyxa\OneDrive\Desktop\Digital Forensics Autopsy\df-mod3-sdm\logs.txt","C:\Users\zzyxa\OneDrive\Desktop\Digital Forensics Autopsy\df-mod3-sdm","logs.txt","C","Microsoft.PowerShell.Core\FileSystem","155","102"
"C:\Users\zzyxa\OneDrive\Desktop\Digital Forensics Autopsy\df-mod3-sdm\logs.txt","C:\Users\zzyxa\OneDrive\Desktop\Digital Forensics Autopsy\df-mod3-sdm","logs.txt","C","Microsoft.PowerShell.Core\FileSystem","156","102"
"C:\Users\zzyxa\OneDrive\Desktop\Digital Forensics Autopsy\df-mod3-sdm\logs.txt","C:\Users\zzyxa\OneDrive\Desktop\Digital Forensics Autopsy\df-mod3-sdm","logs.txt","C","Microsoft.PowerShell.Core\FileSystem","157","68"
"C:\Users\zzyxa\OneDrive\Desktop\Digital Forensics Autopsy\df-mod3-sdm\logs.txt","C:\Users\zzyxa\OneDrive\Desktop\Digital Forensics Autopsy\df-mod3-sdm","logs.txt","C","Microsoft.PowerShell.Core\FileSystem","158","102"
"C:\Users\zzyxa\OneDrive\Desktop\Digital Forensics Autopsy\df-mod3-sdm\logs.txt","C:\Users\zzyxa\OneDrive\Desktop\Digital Forensics Autopsy\df-mod3-sdm","logs.txt","C","Microsoft.PowerShell.Core\FileSystem","159","68"
"C:\Users\zzyxa\OneDrive\Desktop\Digital Forensics Autopsy\df-mod3-sdm\logs.txt","C:\Users\zzyxa\OneDrive\Desktop\Digital Forensics Autopsy\df-mod3-sdm","logs.txt","C","Microsoft.PowerShell.Core\FileSystem","160","184"
"C:\Users\zzyxa\OneDrive\Desktop\Digital Forensics Autopsy\df-mod3-sdm\logs.txt","C:\Users\zzyxa\OneDrive\Desktop\Digital Forensics Autopsy\df-mod3-sdm","logs.txt","C","Microsoft.PowerShell.Core\FileSystem","161","68"
"C:\Users\zzyxa\OneDrive\Desktop\Digital Forensics Autopsy\df-mod3-sdm\logs.txt","C:\Users\zzyxa\OneDrive\Desktop\Digital Forensics Autopsy\df-mod3-sdm","logs.txt","C","Microsoft.PowerShell.Core\FileSystem","162","102"
"C:\Users\zzyxa\OneDrive\Desktop\Digital Forensics Autopsy\df-mod3-sdm\logs.txt","C:\Users\zzyxa\OneDrive\Desktop\Digital Forensics Autopsy\df-mod3-sdm","logs.txt","C","Microsoft.PowerShell.Core\FileSystem","163","102"
"C:\Users\zzyxa\OneDrive\Desktop\Digital Forensics Autopsy\df-mod3-sdm\logs.txt","C:\Users\zzyxa\OneDrive\Desktop\Digital Forensics Autopsy\df-mod3-sdm","logs.txt","C","Microsoft.PowerShell.Core\FileSystem","164","102"
"C:\Users\zzyxa\OneDrive\Desktop\Digital Forensics Autopsy\df-mod3-sdm\logs.txt","C:\Users\zzyxa\OneDrive\Desktop\Digital Forensics Autopsy\df-mod3-sdm","logs.txt","C","Microsoft.PowerShell.Core\FileSystem","165","102"
"C:\Users\zzyxa\OneDrive\Desktop\Digital Forensics Autopsy\df-mod3-sdm\logs.txt","C:\Users\zzyxa\OneDrive\Desktop\Digital Forensics Autopsy\df-mod3-sdm","logs.txt","C","Microsoft.PowerShell.Core\FileSystem","166","68"
"C:\Users\zzyxa\OneDrive\Desktop\Digital Forensics Autopsy\df-mod3-sdm\logs.txt","C:\Users\zzyxa\OneDrive\Desktop\Digital Forensics Autopsy\df-mod3-sdm","logs.txt","C","Microsoft.PowerShell.Core\FileSystem","167","68"
"C:\Users\zzyxa\OneDrive\Desktop\Digital Forensics Autopsy\df-mod3-sdm\logs.txt","C:\Users\zzyxa\OneDrive\Desktop\Digital Forensics Autopsy\df-mod3-sdm","logs.txt","C","Microsoft.PowerShell.Core\FileSystem","168","184"
"C:\Users\zzyxa\OneDrive\Desktop\Digital Forensics Autopsy\df-mod3-sdm\logs.txt","C:\Users\zzyxa\OneDrive\Desktop\Digital Forensics Autopsy\df-mod3-sdm","logs.txt","C","Microsoft.PowerShell.Core\FileSystem","169","68"
"C:\Users\zzyxa\OneDrive\Desktop\Digital Forensics Autopsy\df-mod3-sdm\logs.txt","C:\Users\zzyxa\OneDrive\Desktop\Digital Forensics Autopsy\df-mod3-sdm","logs.txt","C","Microsoft.PowerShell.Core\FileSystem","170","102"
"C:\Users\zzyxa\OneDrive\Desktop\Digital Forensics Autopsy\df-mod3-sdm\logs.txt","C:\Users\zzyxa\OneDrive\Desktop\Digital Forensics Autopsy\df-mod3-sdm","logs.txt","C","Microsoft.PowerShell.Core\FileSystem","171","68"
"C:\Users\zzyxa\OneDrive\Desktop\Digital Forensics Autopsy\df-mod3-sdm\logs.txt","C:\Users\zzyxa\OneDrive\Desktop\Digital Forensics Autopsy\df-mod3-sdm","logs.txt","C","Microsoft.PowerShell.Core\FileSystem","172","68"
"C:\Users\zzyxa\OneDrive\Desktop\Digital Forensics Autopsy\df-mod3-sdm\logs.txt","C:\Users\zzyxa\OneDrive\Desktop\Digital Forensics Autopsy\df-mod3-sdm","logs.txt","C","Microsoft.PowerShell.Core\FileSystem","173","102"
"C:\Users\zzyxa\OneDrive\Desktop\Digital Forensics Autopsy\df-mod3-sdm\logs.txt","C:\Users\zzyxa\OneDrive\Desktop\Digital Forensics Autopsy\df-mod3-sdm","logs.txt","C","Microsoft.PowerShell.Core\FileSystem","174","68"
"C:\Users\zzyxa\OneDrive\Desktop\Digital Forensics Autopsy\df-mod3-sdm\logs.txt","C:\Users\zzyxa\OneDrive\Desktop\Digital Forensics Autopsy\df-mod3-sdm","logs.txt","C","Microsoft.PowerShell.Core\FileSystem","175","184"
"C:\Users\zzyxa\OneDrive\Desktop\Digital Forensics Autopsy\df-mod3-sdm\logs.txt","C:\Users\zzyxa\OneDrive\Desktop\Digital Forensics Autopsy\df-mod3-sdm","logs.txt","C","Microsoft.PowerShell.Core\FileSystem","176","68"
"C:\Users\zzyxa\OneDrive\Desktop\Digital Forensics Autopsy\df-mod3-sdm\logs.txt","C:\Users\zzyxa\OneDrive\Desktop\Digital Forensics Autopsy\df-mod3-sdm","logs.txt","C","Microsoft.PowerShell.Core\FileSystem","177","102"
"C:\Users\zzyxa\OneDrive\Desktop\Digital Forensics Autopsy\df-mod3-sdm\logs.txt","C:\Users\zzyxa\OneDrive\Desktop\Digital Forensics Autopsy\df-mod3-sdm","logs.txt","C","Microsoft.PowerShell.Core\FileSystem","178","68"
"C:\Users\zzyxa\OneDrive\Desktop\Digital Forensics Autopsy\df-mod3-sdm\logs.txt","C:\Users\zzyxa\OneDrive\Desktop\Digital Forensics Autopsy\df-mod3-sdm","logs.txt","C","Microsoft.PowerShell.Core\FileSystem","179","102"
"C:\Users\zzyxa\OneDrive\Desktop\Digital Forensics Autopsy\df-mod3-sdm\logs.txt","C:\Users\zzyxa\OneDrive\Desktop\Digital Forensics Autopsy\df-mod3-sdm","logs.txt","C","Microsoft.PowerShell.Core\FileSystem","180","68"
"C:\Users\zzyxa\OneDrive\Desktop\Digital Forensics Autopsy\df-mod3-sdm\logs.txt","C:\Users\zzyxa\OneDrive\Desktop\Digital Forensics Autopsy\df-mod3-sdm","logs.txt","C","Microsoft.PowerShell.Core\FileSystem","181","102"
"C:\Users\zzyxa\OneDrive\Desktop\Digital Forensics Autopsy\df-mod3-sdm\logs.txt","C:\Users\zzyxa\OneDrive\Desktop\Digital Forensics Autopsy\df-mod3-sdm","logs.txt","C","Microsoft.PowerShell.Core\FileSystem","182","68"
"C:\Users\zzyxa\OneDrive\Desktop\Digital Forensics Autopsy\df-mod3-sdm\logs.txt","C:\Users\zzyxa\OneDrive\Desktop\Digital Forensics Autopsy\df-mod3-sdm","logs.txt","C","Microsoft.PowerShell.Core\FileSystem","183","68"
"C:\Users\zzyxa\OneDrive\Desktop\Digital Forensics Autopsy\df-mod3-sdm\logs.txt","C:\Users\zzyxa\OneDrive\Desktop\Digital Forensics Autopsy\df-mod3-sdm","logs.txt","C","Microsoft.PowerShell.Core\FileSystem","184","184"
"C:\Users\zzyxa\OneDrive\Desktop\Digital Forensics Autopsy\df-mod3-sdm\logs.txt","C:\Users\zzyxa\OneDrive\Desktop\Digital Forensics Autopsy\df-mod3-sdm","logs.txt","C","Microsoft.PowerShell.Core\FileSystem","185","68"
"C:\Users\zzyxa\OneDrive\Desktop\Digital Forensics Autopsy\df-mod3-sdm\logs.txt","C:\Users\zzyxa\OneDrive\Desktop\Digital Forensics Autopsy\df-mod3-sdm","logs.txt","C","Microsoft.PowerShell.Core\FileSystem","186","102"
"C:\Users\zzyxa\OneDrive\Desktop\Digital Forensics Autopsy\df-mod3-sdm\logs.txt","C:\Users\zzyxa\OneDrive\Desktop\Digital Forensics Autopsy\df-mod3-sdm","logs.txt","C","Microsoft.PowerShell.Core\FileSystem","187","68"
"C:\Users\zzyxa\OneDrive\Desktop\Digital Forensics Autopsy\df-mod3-sdm\logs.txt","C:\Users\zzyxa\OneDrive\Desktop\Digital Forensics Autopsy\df-mod3-sdm","logs.txt","C","Microsoft.PowerShell.Core\FileSystem","188","102"
"C:\Users\zzyxa\OneDrive\Desktop\Digital Forensics Autopsy\df-mod3-sdm\logs.txt","C:\Users\zzyxa\OneDrive\Desktop\Digital Forensics Autopsy\df-mod3-sdm","logs.txt","C","Microsoft.PowerShell.Core\FileSystem","189","68"
"C:\Users\zzyxa\OneDrive\Desktop\Digital Forensics Autopsy\df-mod3-sdm\logs.txt","C:\Users\zzyxa\OneDrive\Desktop\Digital Forensics Autopsy\df-mod3-sdm","logs.txt","C","Microsoft.PowerShell.Core\FileSystem","190","184"
"C:\Users\zzyxa\OneDrive\Desktop\Digital Forensics Autopsy\df-mod3-sdm\logs.txt","C:\Users\zzyxa\OneDrive\Desktop\Digital Forensics Autopsy\df-mod3-sdm","logs.txt","C","Microsoft.PowerShell.Core\FileSystem","191","68"
"C:\Users\zzyxa\OneDrive\Desktop\Digital Forensics Autopsy\df-mod3-sdm\logs.txt","C:\Users\zzyxa\OneDrive\Desktop\Digital Forensics Autopsy\df-mod3-sdm","logs.txt","C","Microsoft.PowerShell.Core\FileSystem","192","102"
"C:\Users\zzyxa\OneDrive\Desktop\Digital Forensics Autopsy\df-mod3-sdm\logs.txt","C:\Users\zzyxa\OneDrive\Desktop\Digital Forensics Autopsy\df-mod3-sdm","logs.txt","C","Microsoft.PowerShell.Core\FileSystem","193","102"
"C:\Users\zzyxa\OneDrive\Desktop\Digital Forensics Autopsy\df-mod3-sdm\logs.txt","C:\Users\zzyxa\OneDrive\Desktop\Digital Forensics Autopsy\df-mod3-sdm","logs.txt","C","Microsoft.PowerShell.Core\FileSystem","194","68"
"C:\Users\zzyxa\OneDrive\Desktop\Digital Forensics Autopsy\df-mod3-sdm\logs.txt","C:\Users\zzyxa\OneDrive\Desktop\Digital Forensics Autopsy\df-mod3-sdm","logs.txt","C","Microsoft.PowerShell.Core\FileSystem","195","102"
"C:\Users\zzyxa\OneDrive\Desktop\Digital Forensics Autopsy\df-mod3-sdm\logs.txt","C:\Users\zzyxa\OneDrive\Desktop\Digital Forensics Autopsy\df-mod3-sdm","logs.txt","C","Microsoft.PowerShell.Core\FileSystem","196","68"
"C:\Users\zzyxa\OneDrive\Desktop\Digital Forensics Autopsy\df-mod3-sdm\logs.txt","C:\Users\zzyxa\OneDrive\Desktop\Digital Forensics Autopsy\df-mod3-sdm","logs.txt","C","Microsoft.PowerShell.Core\FileSystem","197","102"
"C:\Users\zzyxa\OneDrive\Desktop\Digital Forensics Autopsy\df-mod3-sdm\logs.txt","C:\Users\zzyxa\OneDrive\Desktop\Digital Forensics Autopsy\df-mod3-sdm","logs.txt","C","Microsoft.PowerShell.Core\FileSystem","198","68"
"C:\Users\zzyxa\OneDrive\Desktop\Digital Forensics Autopsy\df-mod3-sdm\logs.txt","C:\Users\zzyxa\OneDrive\Desktop\Digital Forensics Autopsy\df-mod3-sdm","logs.txt","C","Microsoft.PowerShell.Core\FileSystem","199","102"
"C:\Users\zzyxa\OneDrive\Desktop\Digital Forensics Autopsy\df-mod3-sdm\logs.txt","C:\Users\zzyxa\OneDrive\Desktop\Digital Forensics Autopsy\df-mod3-sdm","logs.txt","C","Microsoft.PowerShell.Core\FileSystem","200","102"
"C:\Users\zzyxa\OneDrive\Desktop\Digital Forensics Autopsy\df-mod3-sdm\logs.txt","C:\Users\zzyxa\OneDrive\Desktop\Digital Forensics Autopsy\df-mod3-sdm","logs.txt","C","Microsoft.PowerShell.Core\FileSystem","201","68"
"C:\Users\zzyxa\OneDrive\Desktop\Digital Forensics Autopsy\df-mod3-sdm\logs.txt","C:\Users\zzyxa\OneDrive\Desktop\Digital Forensics Autopsy\df-mod3-sdm","logs.txt","C","Microsoft.PowerShell.Core\FileSystem","202","102"
"C:\Users\zzyxa\OneDrive\Desktop\Digital Forensics Autopsy\df-mod3-sdm\logs.txt","C:\Users\zzyxa\OneDrive\Desktop\Digital Forensics Autopsy\df-mod3-sdm","logs.txt","C","Microsoft.PowerShell.Core\FileSystem","203","68"
"C:\Users\zzyxa\OneDrive\Desktop\Digital Forensics Autopsy\df-mod3-sdm\logs.txt","C:\Users\zzyxa\OneDrive\Desktop\Digital Forensics Autopsy\df-mod3-sdm","logs.txt","C","Microsoft.PowerShell.Core\FileSystem","204","102"
"C:\Users\zzyxa\OneDrive\Desktop\Digital Forensics Autopsy\df-mod3-sdm\logs.txt","C:\Users\zzyxa\OneDrive\Desktop\Digital Forensics Autopsy\df-mod3-sdm","logs.txt","C","Microsoft.PowerShell.Core\FileSystem","205","68"
"C:\Users\zzyxa\OneDrive\Desktop\Digital Forensics Autopsy\df-mod3-sdm\logs.txt","C:\Users\zzyxa\OneDrive\Desktop\Digital Forensics Autopsy\df-mod3-sdm","logs.txt","C","Microsoft.PowerShell.Core\FileSystem","206","68"
"C:\Users\zzyxa\OneDrive\Desktop\Digital Forensics Autopsy\df-mod3-sdm\logs.txt","C:\Users\zzyxa\OneDrive\Desktop\Digital Forensics Autopsy\df-mod3-sdm","logs.txt","C","Microsoft.PowerShell.Core\FileSystem","207","184"
"C:\Users\zzyxa\OneDrive\Desktop\Digital Forensics Autopsy\df-mod3-sdm\logs.txt","C:\Users\zzyxa\OneDrive\Desktop\Digital Forensics Autopsy\df-mod3-sdm","logs.txt","C","Microsoft.PowerShell.Core\FileSystem","208","68"
"C:\Users\zzyxa\OneDrive\Desktop\Digital Forensics Autopsy\df-mod3-sdm\logs.txt","C:\Users\zzyxa\OneDrive\Desktop\Digital Forensics Autopsy\df-mod3-sdm","logs.txt","C","Microsoft.PowerShell.Core\FileSystem","209","102"
"C:\Users\zzyxa\OneDrive\Desktop\Digital Forensics Autopsy\df-mod3-sdm\logs.txt","C:\Users\zzyxa\OneDrive\Desktop\Digital Forensics Autopsy\df-mod3-sdm","logs.txt","C","Microsoft.PowerShell.Core\FileSystem","210","102"
"C:\Users\zzyxa\OneDrive\Desktop\Digital Forensics Autopsy\df-mod3-sdm\logs.txt","C:\Users\zzyxa\OneDrive\Desktop\Digital Forensics Autopsy\df-mod3-sdm","logs.txt","C","Microsoft.PowerShell.Core\FileSystem","211","68"
"C:\Users\zzyxa\OneDrive\Desktop\Digital Forensics Autopsy\df-mod3-sdm\logs.txt","C:\Users\zzyxa\OneDrive\Desktop\Digital Forensics Autopsy\df-mod3-sdm","logs.txt","C","Microsoft.PowerShell.Core\FileSystem","212","102"
"C:\Users\zzyxa\OneDrive\Desktop\Digital Forensics Autopsy\df-mod3-sdm\logs.txt","C:\Users\zzyxa\OneDrive\Desktop\Digital Forensics Autopsy\df-mod3-sdm","logs.txt","C","Microsoft.PowerShell.Core\FileSystem","213","68"
"C:\Users\zzyxa\OneDrive\Desktop\Digital Forensics Autopsy\df-mod3-sdm\logs.txt","C:\Users\zzyxa\OneDrive\Desktop\Digital Forensics Autopsy\df-mod3-sdm","logs.txt","C","Microsoft.PowerShell.Core\FileSystem","214","91"
"C:\Users\zzyxa\OneDrive\Desktop\Digital Forensics Autopsy\df-mod3-sdm\logs.txt","C:\Users\zzyxa\OneDrive\Desktop\Digital Forensics Autopsy\df-mod3-sdm","logs.txt","C","Microsoft.PowerShell.Core\FileSystem","215","68"
"C:\Users\zzyxa\OneDrive\Desktop\Digital Forensics Autopsy\df-mod3-sdm\logs.txt","C:\Users\zzyxa\OneDrive\Desktop\Digital Forensics Autopsy\df-mod3-sdm","logs.txt","C","Microsoft.PowerShell.Core\FileSystem","216","175"
"C:\Users\zzyxa\OneDrive\Desktop\Digital Forensics Autopsy\df-mod3-sdm\logs.txt","C:\Users\zzyxa\OneDrive\Desktop\Digital Forensics Autopsy\df-mod3-sdm","logs.txt","C","Microsoft.PowerShell.Core\FileSystem","217","68"
"C:\Users\zzyxa\OneDrive\Desktop\Digital Forensics Autopsy\df-mod3-sdm\logs.txt","C:\Users\zzyxa\OneDrive\Desktop\Digital Forensics Autopsy\df-mod3-sdm","logs.txt","C","Microsoft.PowerShell.Core\FileSystem","218","0"
